VIP, KH01, Hải Yến, 12/02/1999, Yen@gmail.com, 098374888
KH01, VIP, Hải Yến, 12/02/1999, Yen@gmail.com, 098374888

id01, Normal, HangLTT, Tue May 30 00:00:00 ICT 2000, Hanglee305@gmail.com, 0912472758
id01, Normal, HangLTT, Tue May 30 00:00:00 ICT 2000, Hanglee305@gmail.com, 0912472758
id02, Normal, HuyenLTT, Sun Dec 12 00:00:00 ICT 2021, hanglee305@gmail.com, 012345678912
id03, Normal, HaiLTT, 12/12/2000, hanglee305@gmail.com, 012345678912
id01, Normal, HangLTT, 12/12/2021, Hanglee#gmail.copm, 012345678912
id03, , Hang, null, an@gmail.com, 832472374923
id03, , Hang, null, hang@gmail.com, 943785897348
if03, , Hang, null, hang@gmail.com, 857348957238
id03, , Hang, 30/05/2000, hang@gmail.com, 902375847354
id03, , Hang, 30/05/2000, hang@gmail.com, 902375847354
id04, , Ha, 12/30/2000, an@gmail.com, 935427358437
id03, , Ha, 12/30/2000, ha@gmail.com, 894753475435
01, , Ha, 12/30/2000, ha@gmail.com, 847238947433
id03, , Hang, 12/30/2000, hang@gmail.com, 289375754543
id03, , Hang, 12/30/2000, hang@gmail.com, 837543750934
id92, , Hang, 30/05/2000, hang@gmail.com, 938493243343
id04, , Hang, 12/30/2000, hang@gmail.com, 823749823740
id04, ik, ha, 30/05/2000, ha@gmail.com, 982353428594
id03, Normal, ha, 12/30/2000, ha@gmail.com, 832743274892
id04, Normal, kjhsdgj, 29/02/2004, ha@gmail.com, 439058304585
id02, Normal, ha, 29/02/2004, ha@gmail.com, 928598495453
id02, Normal, ha, 29/02/2004, ha@gmail.com, 928598495453
id02, Normal, Huyen, 12/12/2021, huyen@gmail.com, 293785908450
id04, Normal, jshg, 29/02/2000, a@gmail.com, 893274384232
id03, Normal, ksg, 29/02/2000, a@gmail.com, 875908230243
